{"trueY": "ExperimentRun/AutoML_3bc87d90-26e7-4c4d-b4ff-4e49aa950451_30/explanation/1b706d64/true_ys_viz", "predictedY": "ExperimentRun/AutoML_3bc87d90-26e7-4c4d-b4ff-4e49aa950451_30/explanation/1b706d64/ys_pred_viz", "probabilityY": "ExperimentRun/AutoML_3bc87d90-26e7-4c4d-b4ff-4e49aa950451_30/explanation/1b706d64/ys_pred_proba_viz", "precomputedExplanations.localFeatureImportance.scores": "ExperimentRun/AutoML_3bc87d90-26e7-4c4d-b4ff-4e49aa950451_30/explanation/1b706d64/local_importance_values", "dataSummary.featureNames": "ExperimentRun/AutoML_3bc87d90-26e7-4c4d-b4ff-4e49aa950451_30/explanation/1b706d64/features", "dataSummary.classNames": "ExperimentRun/AutoML_3bc87d90-26e7-4c4d-b4ff-4e49aa950451_30/explanation/1b706d64/classes", "precomputedExplanations.localFeatureImportance.intercept": "ExperimentRun/AutoML_3bc87d90-26e7-4c4d-b4ff-4e49aa950451_30/explanation/1b706d64/expected_values"}