{"testData": "ExperimentRun/AutoML_3bc87d90-26e7-4c4d-b4ff-4e49aa950451_30/explanation/993a90dc/eval_data_viz", "trueY": "ExperimentRun/AutoML_3bc87d90-26e7-4c4d-b4ff-4e49aa950451_30/explanation/993a90dc/true_ys_viz", "precomputedExplanations.localFeatureImportance.scores": "ExperimentRun/AutoML_3bc87d90-26e7-4c4d-b4ff-4e49aa950451_30/explanation/993a90dc/local_importance_values", "dataSummary.featureNames": "ExperimentRun/AutoML_3bc87d90-26e7-4c4d-b4ff-4e49aa950451_30/explanation/993a90dc/features", "dataSummary.classNames": "ExperimentRun/AutoML_3bc87d90-26e7-4c4d-b4ff-4e49aa950451_30/explanation/993a90dc/classes", "precomputedExplanations.localFeatureImportance.intercept": "ExperimentRun/AutoML_3bc87d90-26e7-4c4d-b4ff-4e49aa950451_30/explanation/993a90dc/expected_values"}