{
    "zipp": "3.4.1",
    "xgboost": "0.90",
    "wrapt": "1.11.1",
    "wheel": "0.35.1",
    "werkzeug": "1.0.1",
    "websocket-client": "0.58.0",
    "urllib3": "1.26.3",
    "typing-extensions": "3.7.4.3",
    "tqdm": "4.59.0",
    "tornado": "6.0.4",
    "termcolor": "1.1.0",
    "tabulate": "0.8.9",
    "statsmodels": "0.10.2",
    "sqlparse": "0.4.1",
    "sqlalchemy": "1.3.23",
    "smmap": "3.0.5",
    "smart-open": "1.9.0",
    "sklearn-pandas": "1.7.0",
    "skl2onnx": "1.4.9",
    "six": "1.15.0",
    "sip": "4.19.24",
    "shap": "0.34.0",
    "setuptools": "50.3.0.post20201006",
    "setuptools-git": "1.2",
    "secretstorage": "3.3.1",
    "scipy": "1.5.2",
    "scikit-learn": "0.22.1",
    "s3transfer": "0.3.4",
    "ruamel.yaml": "0.16.13",
    "ruamel.yaml.clib": "0.2.2",
    "requests": "2.25.1",
    "requests-oauthlib": "1.3.0",
    "querystring-parser": "1.2.4",
    "pyyaml": "5.4.1",
    "pytz": "2020.1",
    "python-editor": "1.0.4",
    "python-dateutil": "2.8.1",
    "pystan": "2.19.0.0",
    "pyparsing": "2.4.7",
    "pyopenssl": "20.0.1",
    "pymeeus": "0.5.9",
    "pyjwt": "2.0.1",
    "pycparser": "2.20",
    "pyasn1": "0.4.8",
    "pyarrow": "1.0.1",
    "py-cpuinfo": "5.0.0",
    "psutil": "5.7.2",
    "protobuf": "3.15.6",
    "prometheus-flask-exporter": "0.18.1",
    "prometheus-client": "0.9.0",
    "portalocker": "1.7.1",
    "pmdarima": "1.1.1",
    "pip": "20.2.4",
    "pillow": "8.0.0",
    "patsy": "0.5.1",
    "pathspec": "0.8.1",
    "pandas": "0.25.3",
    "packaging": "20.9",
    "onnxruntime": "1.6.0",
    "onnxmltools": "1.4.1",
    "onnxconverter-common": "1.6.0",
    "onnx": "1.7.0",
    "olefile": "0.46",
    "oauthlib": "3.1.0",
    "numpy": "1.18.5",
    "nimbusml": "1.8.0",
    "ndg-httpsclient": "0.5.1",
    "msrestazure": "0.6.4",
    "msrest": "0.6.21",
    "msal": "1.10.0",
    "msal-extensions": "0.2.2",
    "mlflow": "1.14.1",
    "mkl-service": "2.3.0",
    "mkl-random": "1.1.0",
    "mkl-fft": "1.2.0",
    "matplotlib": "3.3.1",
    "markupsafe": "1.1.1",
    "mako": "1.1.4",
    "lunardate": "0.2.0",
    "lightgbm": "2.3.0",
    "liac-arff": "2.5.0",
    "kiwisolver": "1.2.0",
    "keras2onnx": "1.6.0",
    "jsonpickle": "2.0.0",
    "json-logging-py": "0.2",
    "joblib": "0.14.1",
    "jmespath": "0.10.0",
    "jinja2": "2.11.2",
    "jeepney": "0.6.0",
    "itsdangerous": "1.1.0",
    "isodate": "0.6.0",
    "interpret-core": "0.2.1",
    "interpret-community": "0.16.0",
    "inference-schema": "1.1.0",
    "importlib-metadata": "3.7.2",
    "idna": "2.10",
    "holidays": "0.9.11",
    "gunicorn": "19.9.0",
    "gitpython": "3.1.14",
    "gitdb": "4.0.5",
    "gensim": "3.8.3",
    "flask": "1.0.3",
    "fire": "0.4.0",
    "fbprophet": "0.5",
    "entrypoints": "0.3",
    "dotnetcore2": "2.1.20",
    "docker": "4.4.4",
    "distro": "1.5.0",
    "dill": "0.3.3",
    "databricks-cli": "0.14.2",
    "cython": "0.29.21",
    "cycler": "0.10.0",
    "cryptography": "3.2",
    "convertdate": "2.3.1",
    "contextlib2": "0.6.0.post1",
    "configparser": "3.7.4",
    "cloudpickle": "1.6.0",
    "click": "7.1.2",
    "chardet": "4.0.0",
    "cffi": "1.14.5",
    "certifi": "2020.6.20",
    "botocore": "1.18.18",
    "boto3": "1.15.18",
    "boto": "2.49.0",
    "backports.weakref": "1.0.post1",
    "backports.tempfile": "1.0",
    "azureml-train-automl-runtime": "1.24.0",
    "azureml-train-automl-client": "1.24.0",
    "azureml-telemetry": "1.24.0",
    "azureml-pipeline-core": "1.24.0",
    "azureml-model-management-sdk": "1.0.1b6.post1",
    "azureml-mlflow": "1.24.0",
    "azureml-interpret": "1.24.0",
    "azureml-defaults": "1.24.0",
    "azureml-dataset-runtime": "1.24.0",
    "azureml-dataprep": "2.11.2",
    "azureml-dataprep-rslex": "1.9.1",
    "azureml-dataprep-native": "30.0.0",
    "azureml-core": "1.24.0.post1",
    "azureml-automl-runtime": "1.24.0",
    "azureml-automl-core": "1.24.0",
    "azure-storage-queue": "12.1.5",
    "azure-mgmt-storage": "11.2.0",
    "azure-mgmt-resource": "12.1.0",
    "azure-mgmt-keyvault": "2.2.0",
    "azure-mgmt-containerregistry": "2.8.0",
    "azure-mgmt-authorization": "0.61.0",
    "azure-identity": "1.4.1",
    "azure-graphrbac": "0.61.1",
    "azure-core": "1.12.0",
    "azure-common": "1.1.26",
    "applicationinsights": "0.11.9",
    "alembic": "1.4.1",
    "adal": "1.2.6"
}