{"RawColumnNameToOnnxNameMap": {"Column1": "Column1", "age": "age", "marital": "marital", "default": "default", "housing": "housing", "loan": "loan", "month": "month", "day_of_week": "day_of_week", "duration": "duration", "campaign": "campaign", "pdays": "pdays", "previous": "previous", "poutcome": "poutcome", "emp.var.rate": "emp_var_rate", "cons.price.idx": "cons_price_idx", "cons.conf.idx": "cons_conf_idx", "euribor3m": "euribor3m", "nr.employed": "nr_employed", "job_admin.": "job_admin_", "job_blue-collar": "job_blue_collar", "job_entrepreneur": "job_entrepreneur", "job_housemaid": "job_housemaid", "job_management": "job_management", "job_retired": "job_retired", "job_self-employed": "job_self_employed", "job_services": "job_services", "job_student": "job_student", "job_technician": "job_technician", "job_unemployed": "job_unemployed", "job_unknown": "job_unknown", "contact_cellular": "contact_cellular", "contact_telephone": "contact_telephone", "education_basic.4y": "education_basic_4y", "education_basic.6y": "education_basic_6y", "education_basic.9y": "education_basic_9y", "education_high.school": "education_high_school", "education_illiterate": "education_illiterate", "education_professional.course": "education_professional_course", "education_university.degree": "education_university_degree", "education_unknown": "education_unknown"}, "InputRawColumnSchema": {"Column1": "integer", "age": "integer", "marital": "integer", "default": "integer", "housing": "integer", "loan": "integer", "month": "integer", "day_of_week": "integer", "duration": "integer", "campaign": "integer", "pdays": "integer", "previous": "integer", "poutcome": "integer", "emp.var.rate": "floating", "cons.price.idx": "floating", "cons.conf.idx": "floating", "euribor3m": "floating", "nr.employed": "floating", "job_admin.": "integer", "job_blue-collar": "integer", "job_entrepreneur": "integer", "job_housemaid": "integer", "job_management": "integer", "job_retired": "integer", "job_self-employed": "integer", "job_services": "integer", "job_student": "integer", "job_technician": "integer", "job_unemployed": "integer", "job_unknown": "integer", "contact_cellular": "integer", "contact_telephone": "integer", "education_basic.4y": "integer", "education_basic.6y": "integer", "education_basic.9y": "integer", "education_high.school": "integer", "education_illiterate": "integer", "education_professional.course": "integer", "education_university.degree": "integer", "education_unknown": "integer"}, "InputOnnxColumnSchema": {"Column1": "Int64TensorType", "age": "Int64TensorType", "marital": "Int64TensorType", "default": "Int64TensorType", "housing": "Int64TensorType", "loan": "Int64TensorType", "month": "Int64TensorType", "day_of_week": "Int64TensorType", "duration": "Int64TensorType", "campaign": "Int64TensorType", "pdays": "Int64TensorType", "previous": "Int64TensorType", "poutcome": "Int64TensorType", "emp_var_rate": "FloatTensorType", "cons_price_idx": "FloatTensorType", "cons_conf_idx": "FloatTensorType", "euribor3m": "FloatTensorType", "nr_employed": "FloatTensorType", "job_admin_": "Int64TensorType", "job_blue_collar": "Int64TensorType", "job_entrepreneur": "Int64TensorType", "job_housemaid": "Int64TensorType", "job_management": "Int64TensorType", "job_retired": "Int64TensorType", "job_self_employed": "Int64TensorType", "job_services": "Int64TensorType", "job_student": "Int64TensorType", "job_technician": "Int64TensorType", "job_unemployed": "Int64TensorType", "job_unknown": "Int64TensorType", "contact_cellular": "Int64TensorType", "contact_telephone": "Int64TensorType", "education_basic_4y": "Int64TensorType", "education_basic_6y": "Int64TensorType", "education_basic_9y": "Int64TensorType", "education_high_school": "Int64TensorType", "education_illiterate": "Int64TensorType", "education_professional_course": "Int64TensorType", "education_university_degree": "Int64TensorType", "education_unknown": "Int64TensorType"}, "CanEnableBatchMode": true}