{
    "schema_name": "pipeline_graph",
    "schema_version": "1.0.0",
    "data": {
        "module_nodes": {
            "4e4e1803": {
                "node_id": "4e4e1803",
                "name": "prefittedsoftvotingclassifier",
                "status": "model"
            },
            "e2727b17": {
                "node_id": "e2727b17",
                "name": "Numeric",
                "status": "dataType"
            },
            "a3756f26": {
                "node_id": "a3756f26",
                "name": "MeanImputer",
                "status": "operation"
            },
            "3b267e3b": {
                "node_id": "3b267e3b",
                "name": "Categorical",
                "status": "dataType"
            },
            "19f3147d": {
                "node_id": "19f3147d",
                "name": "ModeCatImputer-StringCast-LabelEncoder",
                "status": "operation"
            },
            "06e26a04": {
                "node_id": "06e26a04",
                "name": "StringCast-CharGramCountVectorizer",
                "status": "operation"
            }
        },
        "edges": [
            {
                "source_node_id": "461ced33",
                "source_node_name": "data_source",
                "source_name": "",
                "target_name": "8 col",
                "dst_node_id": "e2727b17",
                "dst_node_name": "Numeric"
            },
            {
                "source_node_id": "e2727b17",
                "source_node_name": "",
                "source_name": "",
                "target_name": "",
                "dst_node_id": "a3756f26",
                "dst_node_name": ""
            },
            {
                "source_node_id": "a3756f26",
                "source_node_name": "",
                "source_name": "",
                "target_name": "1 col",
                "dst_node_id": "4e4e1803",
                "dst_node_name": ""
            },
            {
                "source_node_id": "461ced33",
                "source_node_name": "data_source",
                "source_name": "",
                "target_name": "32 col",
                "dst_node_id": "3b267e3b",
                "dst_node_name": "Categorical"
            },
            {
                "source_node_id": "3b267e3b",
                "source_node_name": "",
                "source_name": "",
                "target_name": "",
                "dst_node_id": "19f3147d",
                "dst_node_name": ""
            },
            {
                "source_node_id": "19f3147d",
                "source_node_name": "",
                "source_name": "",
                "target_name": "1 col",
                "dst_node_id": "4e4e1803",
                "dst_node_name": ""
            },
            {
                "source_node_id": "3b267e3b",
                "source_node_name": "",
                "source_name": "",
                "target_name": "",
                "dst_node_id": "06e26a04",
                "dst_node_name": ""
            },
            {
                "source_node_id": "06e26a04",
                "source_node_name": "",
                "source_name": "",
                "target_name": "1 col",
                "dst_node_id": "4e4e1803",
                "dst_node_name": ""
            }
        ],
        "child_runs": [],
        "datasource_nodes": {
            "461ced33": {
                "node_id": "461ced33",
                "name": "data_source - 40 col"
            }
        }
    }
}